feature,correlation_with_churn_label
payment_risk_score,0.4357096449400812
monthly_charge_to_tenure_ratio,0.4195853063192062
contract_month_to_month,0.4051029106879898
is_month_to_month_contract,0.4051029106879898
customer_health_score,-0.38763448941464407
tenure,-0.3522286701130792
online_security_no,0.3426367998511234
no_online_security_flag,0.3426367998511234
tech_support_no,0.3372807277351978
no_tech_support_flag,0.3372807277351978
tenure_segment_0_6_months,0.3085385026607783
internet_service_fiber_optic,0.30801974494482387
contract_two_year,-0.30225346934964975
is_electronic_check,0.3019187490112847
payment_method_electronic_check,0.3019187490112847
online_backup_no,0.2680051809623607
tenure_segment_49_plus_months,-0.2632219948552588
device_protection_no,0.252481360595685
tech_support_no_internet_service,-0.2278904497560931
online_security_no_internet_service,-0.2278904497560931
device_protection_no_internet_service,-0.2278904497560931
internet_service_no,-0.2278904497560931
streaming_movies_no_internet_service,-0.2278904497560931
streaming_tv_no_internet_service,-0.2278904497560931
online_backup_no_internet_service,-0.2278904497560931
support_to_tenure_ratio,0.2211831547997384
complaints_per_tenure_month,0.21936897974029704
customer_value_segment_low_value,0.21512205816610433
estimated_customer_lifetime_value,-0.19852453408500487
total_charges_imputed,-0.19835921553780522
total_charges,-0.19834838341480418
monthly_charges,0.19364616123838232
avg_monthly_spend,0.19300987867917008
paperless_billing_no,-0.1918253316664681
paperless_billing_yes,0.1918253316664679
contract_one_year,-0.1778200183499075
online_security_yes,-0.17122629194855238
tech_support_yes,-0.16467355590159388
dependents_no,0.1642214015797257
dependents_yes,-0.1642214015797256
customer_value_segment_high_value,-0.1576682956954783
senior_citizen,0.15088932817647277
partner_no,0.15044754495917712
partner_yes,-0.15044754495917698
payment_method_credit_card_automatic,-0.13430175066262812
streaming_movies_no,0.13084502938616735
streaming_tv_no,0.12891588111510918
internet_service_dsl,-0.12421382390260381
payment_method_bank_transfer_automatic,-0.11793667192853842
monthly_spend_per_invoice,0.09368495776169436
payment_method_mailed_check,-0.09168283858842927
online_backup_yes,-0.08225486893814267
tenure_segment_25_48_months,-0.07531152660414625
tenure_segment_7_12_months,0.07062336486052895
device_protection_yes,-0.06615979128028991
streaming_tv_yes,0.06322774611875766
streaming_movies_yes,0.06138154801518716
customer_value_segment_established_value,-0.045345664794860456
multiple_lines_yes,0.04010212769982599
multiple_lines_no,-0.032568578450191475
open_ticket_count,-0.028101548748558965
unresolved_ticket_count,-0.028101548748558965
primary_ticket_type_technical_issue,-0.023868590763357903
total_charges_missing_flag,-0.02377104915207222
primary_activity_country_norway,0.023509093462637902
open_ticket_rate,-0.023460985118273468
primary_activity_country_cyprus,0.02186405243677543
total_quantity,0.020597371783547813
primary_ticket_priority_medium,-0.020578825390961772
tenure_segment_13_24_months,0.020308472885826444
primary_activity_country_switzerland,0.020213585701757096
primary_activity_country_poland,0.020200645045967816
primary_ticket_type_refund_request,0.020034930878059864
primary_activity_country_nan,-0.01992435524977853
activity_status_no_activity,-0.01992435524977853
no_activity_flag,-0.01992435524977853
has_activity_flag,0.01992435524977852
activity_monetary_score,0.01988873668555387
primary_activity_country_czech_republic,0.01982716182096959
primary_activity_country_singapore,0.01982716182096959
support_ticket_count,-0.018719223791587174
active_day_count,0.018502887955847615
primary_activity_country_japan,0.017919939862840475
activity_frequency_score,0.017857066708069635
low_satisfaction_rate,0.017591818284553484
primary_activity_country_hong_kong,-0.017549845122912782
primary_activity_country_france,0.017512593311645473
primary_activity_country_eire,0.016439659210849805
primary_activity_country_greece,-0.01601960522357182
avg_activity_mapping_confidence,0.015163452028770657
net_activity_revenue,0.014970568728650884
primary_activity_country_israel,-0.014327352680374173
primary_activity_country_portugal,0.014315653640381827
primary_activity_country_australia,-0.014122965684626803
primary_activity_country_italy,0.014086783540381774
countries_count,0.013936324871054588
inactivity_days,0.013400379725472608
gross_activity_revenue,0.013221117530260623
support_burden_score,-0.012619293387022577
customer_value_segment_emerging_value,-0.012116683430796926
phone_service_no,-0.01194198002900311
multiple_lines_no_phone_service,-0.01194198002900311
phone_service_yes,0.011941980029003044
invoice_count,0.011569834147094754
activity_status_inactive_90_plus_days,0.011441700424297272
purchase_frequency_per_active_day,0.011205062738869292
activity_status_active_31_90_days,-0.01113501289874745
complaint_ticket_count,-0.010635716981120369
primary_ticket_channel_email,0.010441751703996142
primary_activity_country_malta,-0.010129529280946967
primary_activity_country_brazil,-0.010129529280946965
primary_activity_country_korea,-0.010129529280946965
primary_activity_country_rsa,-0.010129529280946958
primary_activity_country_lebanon,-0.010129529280946951
activity_line_count,0.009788842577825292
return_rate,0.009073432298764195
primary_activity_country_denmark,-0.008751996601373505
primary_activity_country_usa,-0.008751996601373496
primary_activity_country_unspecified,-0.008751996601373466
gender_female,0.00861209507899781
gender_male,-0.008612095078997767
primary_ticket_channel_social_media,-0.0084953954538292
return_amount,0.00835030212683293
closed_ticket_count,0.00826589002840795
primary_ticket_type_product_inquiry,-0.007767892127891883
critical_ticket_rate,0.007431978319210809
primary_ticket_type_cancellation_request,0.007189367011319315
primary_activity_country_bermuda,-0.007162150259642829
primary_activity_country_european_community,-0.007162150259642823
primary_activity_country_west_indies,-0.007162150259642823
primary_activity_country_lithuania,-0.007162150259642823
primary_activity_country_iceland,-0.00716215025964282
primary_activity_country_bahrain,-0.007162150259642815
primary_activity_country_saudi_arabia,-0.007162150259642812
primary_activity_country_thailand,-0.007162150259642812
activity_status_active_0_30_days,0.006554685839613905
primary_activity_country_sweden,-0.006460259641605047
high_priority_ticket_count,-0.006258693429350584
low_satisfaction_ticket_count,0.006072445548001947
primary_activity_country_spain,0.005852252915494449
avg_support_mapping_confidence,-0.005831051464994661
primary_ticket_priority_high,0.005790551180041779
distinct_product_count,0.00578942016913576
refund_or_cancel_ticket_count,0.005598864583734171
activity_span_days,0.005596936549055439
return_line_count,0.005592829407140651
max_resolution_hours,0.00473923479812411
primary_activity_country_germany,-0.0047310722067227945
primary_ticket_type_billing_inquiry,-0.004710533526288551
primary_ticket_priority_nan,0.0046618252575037974
primary_ticket_channel_nan,0.0046618252575037974
primary_ticket_type_nan,0.0046618252575037974
has_support_flag,-0.004661825257503788
engagement_score,0.0045620358649324086
primary_ticket_channel_chat,-0.004537376557888311
primary_ticket_priority_critical,0.004510929116788403
primary_ticket_channel_phone,-0.004346544163194035
avg_satisfaction_rating,-0.004280173932593295
primary_activity_country_netherlands,0.0041855024555612986
avg_resolution_hours,0.004174775249605206
primary_activity_country_channel_islands,0.004121966950214391
min_satisfaction_rating,-0.0041030862378075685
primary_activity_country_canada,-0.003946188467058577
avg_invoice_value,-0.0038850099491689475
recency_frequency_metrics,0.003751059668862021
primary_activity_country_belgium,-0.003429425741053765
avg_unit_price,0.0031374488477417775
primary_activity_country_austria,0.0029574923417879256
activity_recency_score,0.0026474106453113484
critical_ticket_count,-0.0017367477061846106
primary_ticket_priority_low,0.0016876207667206598
primary_activity_country_united_arab_emirates,0.0014533530780095898
anonymous_activity_line_count,0.0013261795972330436
complaint_frequency,0.00129972899537001
primary_activity_country_finland,0.0006590543322476595
primary_activity_country_united_kingdom,-0.00027330868450093504
