unified_customer_id,telco_customer_id,action_status,churn_label,predicted_churn_probability,predicted_churn_label,churn_risk_segment,retention_priority,customer_value_segment,monthly_charges,estimated_customer_lifetime_value,monthly_revenue_at_risk,primary_recommendation,secondary_recommendation,recommendation_reason,risk_driver_summary,expected_save_rate,estimated_action_cost,estimated_gross_mrr_saved,estimated_net_mrr_impact,annualized_net_revenue_impact,tenure,tenure_segment,contract,payment_method,payment_risk_score,inactivity_days,activity_status,engagement_score,customer_health_score,support_ticket_count,open_ticket_count,critical_ticket_count,low_satisfaction_ticket_count,complaint_frequency,support_burden_score,avg_satisfaction_rating,prediction_scope,best_model_name,total_charges_imputed,avg_monthly_spend,estimated_customer_lifetime_value_feature,customer_health_score_feature,expected_monthly_revenue_loss,expected_annual_revenue_loss,expected_clv_at_risk,revenue_recovery_potential,net_recovery_potential,annualized_recovery_potential
CUST0000238,0365-BZUWY,active_retention,0,0.9206401979785312,1,high risk,P1 high,established_value,102.55,1743.35,94.41,customer support escalation,service recovery follow-up,"Support friction is visible through open, critical, complaint, or low satisfaction signals.","support friction, payment risk, valuable customer",0.3,0.0,31.16,31.16,373.92,17,13_24_months,month_to_month,electronic_check,1.0,2.0,active_0_30_days,0.4766,0.3636,1.0,1.0,1.0,0.0,1.0,0.4498,3.0,full_model_scoring,logistic_regression,1742.5,102.5,1743.35,0.3636,94.41,1132.92,1605.0,31.16,31.16,373.92
CUST0002302,3292-PBZEJ,active_retention,0,0.8466235352192649,1,high risk,P1 high,emerging_value,111.4,1225.4,94.31,discount offer,payment method review,High churn probability combines with payment risk and price pressure.,"payment risk, early tenure",0.24,16.71,21.5,4.79,57.48,11,7_12_months,month_to_month,electronic_check,1.0,30.0,active_0_30_days,0.4339,0.4465,0.0,0.0,0.0,0.0,0.0,0.0,3.0,holdout_prediction_output,logistic_regression,1183.05,107.55,1225.4,0.4465,94.31,1131.72,1037.45,21.5,4.79,57.48
CUST0004223,5956-YHHRX,active_retention,0,0.8958309242071433,1,high risk,P1 high,established_value,104.35,2191.35,93.48,customer support escalation,service recovery follow-up,"Support friction is visible through open, critical, complaint, or low satisfaction signals.","low engagement, support friction, payment risk, valuable customer",0.3,0.0,30.85,30.85,370.2,21,13_24_months,month_to_month,electronic_check,1.0,262.0,inactive_90_plus_days,0.292,0.4036,1.0,0.0,0.0,0.0,1.0,0.0276,3.0,holdout_prediction_output,logistic_regression,2271.85,108.18333333333332,2191.35,0.4036,93.48,1121.76,1963.08,30.85,30.85,370.2
CUST0001414,2081-VEYEH,active_retention,0,0.8622041372330134,1,high risk,P1 high,low_value,107.95,323.85,93.07,discount offer,payment method review,High churn probability combines with payment risk and price pressure.,"payment risk, early tenure",0.24,16.1925,17.87,1.68,20.16,3,0_6_months,month_to_month,electronic_check,1.0,32.0,active_31_90_days,0.4321,0.4291,0.0,0.0,0.0,0.0,0.0,0.0,3.0,full_model_scoring,logistic_regression,318.6,106.2,323.85,0.4291,93.07,1116.84,279.22,17.87,1.68,20.16
CUST0004080,5760-IFJOZ,active_retention,0,0.8601246289135904,1,high risk,P1 high,low_value,107.95,323.85,92.85,onboarding assistance,product adoption coaching,Early lifecycle or low health customers need help realizing product value.,"low engagement, early tenure",0.22,10.0,16.34,6.34,76.08,3,0_6_months,month_to_month,mailed_check,0.35,301.0,inactive_90_plus_days,0.2686,0.4937,0.0,0.0,0.0,0.0,0.0,0.0,3.0,holdout_prediction_output,logistic_regression,313.6,104.53333333333336,323.85,0.4937,92.85,1114.2,278.55,16.34,6.34,76.08
CUST0000960,1393-IMKZG,active_retention,0,0.9663497244508128,1,high risk,P1 high,low_value,95.85,95.85,92.62,customer support escalation,service recovery follow-up,"Support friction is visible through open, critical, complaint, or low satisfaction signals.","support friction, payment risk, early tenure",0.3,0.0,22.23,22.23,266.76,1,0_6_months,month_to_month,electronic_check,1.0,3.0,active_0_30_days,0.4604,0.3298,5.0,3.0,0.0,0.0,0.8,0.4257,4.0,full_model_scoring,logistic_regression,95.85,95.85,95.85,0.3298,92.62,1111.44,92.62,22.23,22.23,266.76
CUST0004793,6734-GMPVK,active_retention,0,0.8736101636809934,1,high risk,P1 high,emerging_value,105.3,526.5,91.99,discount offer,payment method review,High churn probability combines with payment risk and price pressure.,"low engagement, payment risk, early tenure",0.24,15.794999999999998,20.97,5.18,62.16,5,0_6_months,month_to_month,electronic_check,0.8,275.0,inactive_90_plus_days,0.2887,0.4159,0.0,0.0,0.0,0.0,0.0,0.0,3.0,full_model_scoring,logistic_regression,550.6,110.12,526.5,0.4159,91.99,1103.88,459.96,20.97,5.18,62.16
CUST0004255,5995-SNNEW,active_retention,0,0.8704194675896868,1,high risk,P1 high,established_value,104.45,2402.35,90.92,customer support escalation,service recovery follow-up,"Support friction is visible through open, critical, complaint, or low satisfaction signals.","support friction, payment risk, valuable customer",0.3,0.0,30.0,30.0,360.0,23,13_24_months,month_to_month,electronic_check,1.0,3.0,active_0_30_days,0.4599,0.3694,1.0,1.0,1.0,0.0,1.0,0.4498,3.0,full_model_scoring,logistic_regression,2184.85,94.99347826086957,2402.35,0.3694,90.92,1091.04,2091.05,30.0,30.0,360.0
CUST0004505,6350-XFYGW,active_retention,0,0.9568077033555366,1,high risk,P1 high,low_value,94.75,379.0,90.66,customer support escalation,service recovery follow-up,"Support friction is visible through open, critical, complaint, or low satisfaction signals.","low engagement, support friction, payment risk, early tenure",0.3,0.0,21.76,21.76,261.12,4,0_6_months,month_to_month,electronic_check,1.0,333.0,inactive_90_plus_days,0.2471,0.2447,1.0,1.0,1.0,0.0,1.0,0.4498,3.0,full_model_scoring,logistic_regression,422.4,105.6,379.0,0.2447,90.66,1087.92,362.63,21.76,21.76,261.12
CUST0005088,7145-FEJWU,active_retention,0,0.8607571283101835,1,high risk,P1 high,emerging_value,105.3,1263.6,90.64,discount offer,payment method review,High churn probability combines with payment risk and price pressure.,"payment risk, early tenure",0.24,15.794999999999998,20.67,4.88,58.56,12,7_12_months,month_to_month,electronic_check,1.0,87.0,active_31_90_days,0.3978,0.4341,0.0,0.0,0.0,0.0,0.0,0.0,3.0,full_model_scoring,logistic_regression,1275.65,106.30416666666667,1263.6,0.4341,90.64,1087.68,1087.65,20.67,4.88,58.56
CUST0005251,7398-SKNQZ,active_retention,0,0.9526734471023728,1,high risk,P1 high,low_value,94.9,284.70000000000005,90.41,customer support escalation,service recovery follow-up,"Support friction is visible through open, critical, complaint, or low satisfaction signals.","support friction, payment risk, early tenure",0.3,0.0,21.7,21.7,260.4,3,0_6_months,month_to_month,electronic_check,0.8,22.0,active_0_30_days,0.4491,0.3965,3.0,2.0,0.0,1.0,1.0,0.3176,2.0,full_model_scoring,logistic_regression,273.2,91.06666666666666,284.70000000000005,0.3965,90.41,1084.92,271.23,21.7,21.7,260.4
CUST0003642,5150-ITWWB,active_retention,0,0.9521291026551464,1,high risk,P1 high,low_value,94.85,284.54999999999995,90.31,discount offer,payment method review,High churn probability combines with payment risk and price pressure.,"payment risk, early tenure",0.24,14.2275,17.34,3.11,37.32,3,0_6_months,month_to_month,electronic_check,1.0,11.0,active_0_30_days,0.4494,0.436,0.0,0.0,0.0,0.0,0.0,0.0,3.0,full_model_scoring,logistic_regression,335.75,111.91666666666669,284.54999999999995,0.436,90.31,1083.72,270.93,17.34,3.11,37.32
CUST0004282,6030-REHUX,active_retention,0,0.8065593072206109,1,high risk,P1 high,established_value,110.85,3103.8,89.41,customer support escalation,service recovery follow-up,"Support friction is visible through open, critical, complaint, or low satisfaction signals.","support friction, payment risk, valuable customer",0.3,0.0,29.51,29.51,354.12,28,25_48_months,month_to_month,electronic_check,1.0,78.0,active_31_90_days,0.4032,0.3909,3.0,2.0,0.0,0.0,0.3333333333333333,0.315,4.0,full_model_scoring,logistic_regression,3204.4,114.44285714285716,3103.8,0.3909,89.41,1072.92,2503.4,29.51,29.51,354.12
CUST0001897,2754-SDJRD,active_retention,0,0.890150270901454,1,high risk,P1 high,emerging_value,100.15,801.2,89.15,onboarding assistance,product adoption coaching,Early lifecycle or low health customers need help realizing product value.,"low engagement, early tenure",0.22,10.0,18.63,8.63,103.56,8,7_12_months,month_to_month,credit_card_automatic,0.55,234.0,inactive_90_plus_days,0.3081,0.4655,1.0,0.0,0.0,0.0,0.0,0.0576,3.0,full_model_scoring,logistic_regression,908.55,113.56875,801.2,0.4655,89.15,1069.8,713.19,18.63,8.63,103.56
CUST0002901,4132-KALRO,active_retention,0,0.8764163586835183,1,high risk,P1 high,emerging_value,100.85,403.4,88.39,customer support escalation,service recovery follow-up,"Support friction is visible through open, critical, complaint, or low satisfaction signals.","support friction, early tenure",0.3,0.0,25.19,25.19,302.28,4,0_6_months,month_to_month,mailed_check,0.55,39.0,active_31_90_days,0.4292,0.4076,1.0,1.0,1.0,0.0,0.0,0.4498,3.0,holdout_prediction_output,logistic_regression,399.25,99.8125,403.4,0.4076,88.39,1060.68,353.55,25.19,25.19,302.28
CUST0005906,8313-NDOIA,active_retention,0,0.8459258230320066,1,high risk,P1 high,established_value,104.15,2499.6000000000004,88.1,customer support escalation,service recovery follow-up,"Support friction is visible through open, critical, complaint, or low satisfaction signals.","support friction, payment risk, valuable customer",0.3,0.0,29.07,29.07,348.84,24,13_24_months,month_to_month,electronic_check,1.0,86.0,active_31_90_days,0.413,0.4028,1.0,1.0,0.0,0.0,0.0,0.2498,3.0,holdout_prediction_output,logistic_regression,2494.65,103.94375,2499.6000000000004,0.4028,88.1,1057.2,2114.48,29.07,29.07,348.84
CUST0005238,7379-FNIUJ,active_retention,0,0.8781133878384034,1,high risk,P1 high,low_value,100.2,200.4,87.99,customer support escalation,service recovery follow-up,"Support friction is visible through open, critical, complaint, or low satisfaction signals.","low engagement, support friction, payment risk, early tenure",0.3,0.0,21.12,21.12,253.44,2,0_6_months,month_to_month,electronic_check,0.8,559.0,inactive_90_plus_days,0.11,0.2624,2.0,1.0,1.0,0.0,0.5,0.3031,5.0,full_model_scoring,logistic_regression,198.5,99.25,200.4,0.2624,87.99,1055.88,175.97,21.12,21.12,253.44
CUST0001430,2107-FBPTK,active_retention,0,0.8403272868608765,1,high risk,P1 high,established_value,104.1,3123.0,87.48,discount offer,payment method review,High churn probability combines with payment risk and price pressure.,"low engagement, payment risk, valuable customer",0.24,15.614999999999998,23.09,7.48,89.76,30,25_48_months,month_to_month,electronic_check,1.0,377.0,inactive_90_plus_days,0.2219,0.4013,0.0,0.0,0.0,0.0,0.0,0.0,3.0,full_model_scoring,logistic_regression,3121.1,104.03666666666666,3123.0,0.4013,87.48,1049.76,2624.34,23.09,7.48,89.76
CUST0003482,4929-XIHVW,active_retention,0,0.9129390574364556,1,high risk,P1 high,low_value,95.5,191.0,87.19,onboarding assistance,product adoption coaching,Early lifecycle or low health customers need help realizing product value.,early tenure,0.22,10.0,15.35,5.35,64.2,2,0_6_months,month_to_month,credit_card_automatic,0.55,72.0,active_31_90_days,0.4377,0.5192,0.0,0.0,0.0,0.0,0.0,0.0,3.0,full_model_scoring,logistic_regression,181.65,90.825,191.0,0.5192,87.19,1046.28,174.37,15.35,5.35,64.2
CUST0000296,0434-CSFON,active_retention,0,0.8634063731692363,1,high risk,P0 critical,high_value,100.5,4723.5,86.77,discount offer,payment method review,High churn probability combines with payment risk and price pressure.,"low engagement, payment risk, valuable customer",0.24,15.075,27.07,12.0,144.0,47,25_48_months,month_to_month,electronic_check,1.0,114.0,inactive_90_plus_days,0.3806,0.5002,0.0,0.0,0.0,0.0,0.0,0.0,3.0,full_model_scoring,logistic_regression,4707.1,100.15106382978723,4723.5,0.5002,86.77,1041.24,4078.3,27.07,12.0,144.0
CUST0001309,1941-HOSAM,active_retention,0,0.9618551003733906,1,high risk,P1 high,low_value,90.1,90.1,86.66,customer support escalation,service recovery follow-up,"Support friction is visible through open, critical, complaint, or low satisfaction signals.","support friction, payment risk, early tenure",0.3,0.0,20.8,20.8,249.6,1,0_6_months,month_to_month,electronic_check,1.0,42.0,active_31_90_days,0.4348,0.3072,4.0,3.0,1.0,1.0,0.75,0.4752,1.0,full_model_scoring,logistic_regression,90.1,90.1,90.1,0.3072,86.66,1039.92,86.66,20.8,20.8,249.6
CUST0004212,5947-SGKCL,active_retention,0,0.8161086422199266,1,high risk,P1 high,established_value,105.35,1580.25,85.98,customer support escalation,service recovery follow-up,"Support friction is visible through open, critical, complaint, or low satisfaction signals.","support friction, valuable customer",0.3,0.0,28.37,28.37,340.44,15,13_24_months,month_to_month,bank_transfer_automatic,0.55,23.0,active_0_30_days,0.4381,0.4949,1.0,0.0,0.0,1.0,1.0,0.2064,2.0,holdout_prediction_output,logistic_regression,1559.25,103.95,1580.25,0.4949,85.98,1031.76,1289.66,28.37,28.37,340.44
CUST0005368,7577-SWIFR,active_retention,0,0.9631312976843802,1,high risk,P1 high,low_value,89.25,89.25,85.96,customer support escalation,service recovery follow-up,"Support friction is visible through open, critical, complaint, or low satisfaction signals.","low engagement, support friction, payment risk, early tenure",0.3,0.0,20.63,20.63,247.56,1,0_6_months,month_to_month,electronic_check,1.0,381.0,inactive_90_plus_days,0.2202,0.2828,2.0,1.0,0.0,0.0,0.5,0.2296,4.0,full_model_scoring,logistic_regression,89.25,89.25,89.25,0.2828,85.96,1031.52,85.96,20.63,20.63,247.56
CUST0004319,6088-BXMRG,active_retention,0,0.8680914498171652,1,high risk,P1 high,established_value,98.85,3163.2,85.81,customer support escalation,service recovery follow-up,"Support friction is visible through open, critical, complaint, or low satisfaction signals.","low engagement, support friction, payment risk, valuable customer",0.3,0.0,28.32,28.32,339.84,32,25_48_months,month_to_month,electronic_check,1.0,568.0,inactive_90_plus_days,0.1037,0.2957,1.0,1.0,0.0,0.0,1.0,0.2498,3.0,holdout_prediction_output,logistic_regression,3089.6,96.55,3163.2,0.2957,85.81,1029.72,2745.95,28.32,28.32,339.84
CUST0002981,4273-MBHYA,active_retention,0,0.9592112734761288,1,high risk,P1 high,low_value,89.35,89.35,85.71,customer support escalation,service recovery follow-up,"Support friction is visible through open, critical, complaint, or low satisfaction signals.","low engagement, support friction, payment risk, early tenure",0.3,0.0,20.57,20.57,246.84,1,0_6_months,month_to_month,electronic_check,1.0,333.0,inactive_90_plus_days,0.2544,0.2768,2.0,1.0,0.0,1.0,0.5,0.3082,2.0,full_model_scoring,logistic_regression,89.35,89.35,89.35,0.2768,85.71,1028.52,85.71,20.57,20.57,246.84
CUST0006423,9094-AZPHK,active_retention,0,0.8525789438561003,1,high risk,P1 high,established_value,100.15,1502.25,85.39,discount offer,payment method review,High churn probability combines with payment risk and price pressure.,"payment risk, valuable customer",0.24,15.0225,22.54,7.52,90.24,15,13_24_months,month_to_month,electronic_check,1.0,1.0,active_0_30_days,0.4515,0.4618,0.0,0.0,0.0,0.0,0.0,0.0,3.0,holdout_prediction_output,logistic_regression,1415.0,94.33333333333331,1502.25,0.4618,85.39,1024.68,1280.79,22.54,7.52,90.24
CUST0005797,8161-QYMTT,active_retention,0,0.9068339338975684,1,high risk,P1 high,emerging_value,94.1,658.6999999999999,85.33,customer support escalation,service recovery follow-up,"Support friction is visible through open, critical, complaint, or low satisfaction signals.","low engagement, support friction, payment risk, early tenure",0.3,0.0,24.32,24.32,291.84,7,7_12_months,month_to_month,electronic_check,1.0,150.0,inactive_90_plus_days,0.3635,0.3475,1.0,1.0,0.0,0.0,1.0,0.2498,3.0,full_model_scoring,logistic_regression,701.3,100.18571428571428,658.6999999999999,0.3475,85.33,1023.96,597.33,24.32,24.32,291.84
CUST0004204,5935-FCCNB,active_retention,0,0.904885868540764,1,high risk,P1 high,established_value,94.2,1601.4,85.24,discount offer,payment method review,High churn probability combines with payment risk and price pressure.,"payment risk, valuable customer",0.24,14.13,22.5,8.37,100.44,17,13_24_months,month_to_month,electronic_check,1.0,9.0,active_0_30_days,0.4744,0.4752,0.0,0.0,0.0,0.0,0.0,0.0,3.0,holdout_prediction_output,logistic_regression,1608.15,94.59705882352942,1601.4,0.4752,85.24,1022.88,1449.08,22.5,8.37,100.44
CUST0006585,9360-OMDZZ,active_retention,0,0.9056912291624268,1,high risk,P1 high,established_value,94.1,2258.4,85.23,discount offer,payment method review,High churn probability combines with payment risk and price pressure.,"low engagement, payment risk, valuable customer",0.24,14.114999999999998,22.5,8.39,100.68,24,13_24_months,month_to_month,electronic_check,1.0,389.0,inactive_90_plus_days,0.2128,0.3851,0.0,0.0,0.0,0.0,0.0,0.0,3.0,holdout_prediction_output,logistic_regression,2322.85,96.78541666666666,2258.4,0.3851,85.23,1022.76,2045.41,22.5,8.39,100.68
CUST0002321,3318-NMQXL,active_retention,0,0.9259661389333742,1,high risk,P1 high,low_value,92.0,276.0,85.19,discount offer,payment method review,High churn probability combines with payment risk and price pressure.,"payment risk, early tenure",0.24,13.8,16.36,2.56,30.72,3,0_6_months,month_to_month,electronic_check,1.0,23.0,active_0_30_days,0.436,0.4306,0.0,0.0,0.0,0.0,0.0,0.0,3.0,full_model_scoring,logistic_regression,266.8,88.93333333333334,276.0,0.4306,85.19,1022.28,255.57,16.36,2.56,30.72
CUST0000526,0771-WLCLA,active_retention,0,0.7537493297196486,1,high risk,P1 high,established_value,112.95,1807.2,85.14,customer support escalation,service recovery follow-up,"Support friction is visible through open, critical, complaint, or low satisfaction signals.","support friction, payment risk, valuable customer",0.3,0.0,28.1,28.1,337.2,16,13_24_months,month_to_month,electronic_check,1.0,83.0,active_31_90_days,0.401,0.3667,2.0,2.0,0.0,0.0,1.0,0.3081,3.0,full_model_scoring,logistic_regression,1882.55,115.02070422535212,1807.2,0.3667,85.14,1021.68,1362.18,28.1,28.1,337.2
CUST0003003,4298-OYIFC,active_retention,0,0.8226400071579726,1,high risk,P1 high,established_value,103.45,1551.75,85.1,discount offer,payment method review,High churn probability combines with payment risk and price pressure.,"payment risk, valuable customer",0.24,15.5175,22.47,6.95,83.4,15,13_24_months,month_to_month,electronic_check,1.0,71.0,active_31_90_days,0.4081,0.4445,0.0,0.0,0.0,0.0,0.0,0.0,3.0,holdout_prediction_output,logistic_regression,1539.8,102.65333333333334,1551.75,0.4445,85.1,1021.2,1276.53,22.47,6.95,83.4
CUST0003479,4927-WWOOZ,active_retention,0,0.9300667015001194,1,high risk,P1 high,low_value,91.45,182.9,85.05,customer support escalation,service recovery follow-up,"Support friction is visible through open, critical, complaint, or low satisfaction signals.","support friction, payment risk, early tenure",0.3,0.0,20.41,20.41,244.92,2,0_6_months,month_to_month,electronic_check,1.0,63.0,active_31_90_days,0.414,0.3494,3.0,2.0,0.0,0.0,1.0,0.2813,4.0,full_model_scoring,logistic_regression,171.45,85.725,182.9,0.3494,85.05,1020.6,170.11,20.41,20.41,244.92
CUST0004715,6645-MXQJT,active_retention,0,0.8755334757234777,1,high risk,P1 high,low_value,97.1,194.2,85.01,discount offer,payment method review,High churn probability combines with payment risk and price pressure.,"low engagement, payment risk, early tenure",0.24,14.564999999999998,16.32,1.76,21.12,2,0_6_months,month_to_month,electronic_check,0.8,256.0,inactive_90_plus_days,0.2946,0.412,0.0,0.0,0.0,0.0,0.0,0.0,3.0,full_model_scoring,logistic_regression,184.15,92.075,194.2,0.412,85.01,1020.12,170.03,16.32,1.76,21.12
CUST0004355,6137-NICCO,active_retention,0,0.901951669912998,1,high risk,P1 high,emerging_value,94.05,564.3,84.83,customer support escalation,service recovery follow-up,"Support friction is visible through open, critical, complaint, or low satisfaction signals.","support friction, early tenure",0.3,0.0,24.18,24.18,290.16,6,0_6_months,month_to_month,mailed_check,0.55,8.0,active_0_30_days,0.4703,0.4696,2.0,1.0,0.0,1.0,1.0,0.2839,1.0,full_model_scoring,logistic_regression,518.75,86.45833333333333,564.3,0.4696,84.83,1017.96,508.97,24.18,24.18,290.16
CUST0006985,9912-OMZDS,active_retention,0,0.7991607378537614,1,high risk,P0 critical,high_value,106.15,6262.85,84.83,discount offer,payment method review,High churn probability combines with payment risk and price pressure.,"payment risk, valuable customer",0.24,15.9225,26.47,10.55,126.6,59,49_plus_months,one_year,electronic_check,0.65,63.0,active_31_90_days,0.414,0.6085,0.0,0.0,0.0,0.0,0.0,0.0,3.0,holdout_prediction_output,logistic_regression,6256.2,106.03728813559322,6262.85,0.6085,84.83,1017.96,5005.02,26.47,10.55,126.6
CUST0002075,2984-AFWNC,active_retention,0,0.8869117165946753,1,high risk,P1 high,low_value,95.4,286.20000000000005,84.61,customer support escalation,service recovery follow-up,"Support friction is visible through open, critical, complaint, or low satisfaction signals.","support friction, payment risk, early tenure",0.3,0.0,20.31,20.31,243.72,3,0_6_months,month_to_month,electronic_check,0.8,84.0,active_31_90_days,0.4042,0.3559,2.0,2.0,1.0,0.0,1.0,0.4081,3.0,holdout_prediction_output,logistic_regression,293.15,97.71666666666664,286.20000000000005,0.3559,84.61,1015.32,253.83,20.31,20.31,243.72
CUST0000491,0722-SVSFK,active_retention,0,0.8399017221973315,1,high risk,P1 high,emerging_value,100.4,702.8000000000001,84.33,customer support escalation,service recovery follow-up,"Support friction is visible through open, critical, complaint, or low satisfaction signals.","support friction, payment risk, early tenure",0.3,0.0,24.03,24.03,288.36,7,7_12_months,month_to_month,electronic_check,1.0,58.0,active_31_90_days,0.4286,0.3236,1.0,1.0,1.0,0.0,1.0,0.4498,3.0,full_model_scoring,logistic_regression,715.0,102.14285714285714,702.8000000000001,0.3236,84.33,1011.96,590.28,24.03,24.03,288.36
CUST0006723,9547-ITEFG,active_retention,0,0.8211990690865225,1,high risk,P1 high,emerging_value,102.6,923.4,84.26,onboarding assistance,product adoption coaching,Early lifecycle or low health customers need help realizing product value.,"low engagement, early tenure",0.22,10.0,17.61,7.61,91.32,9,7_12_months,month_to_month,credit_card_automatic,0.55,0.0,no_activity,0.0,0.3587,0.0,0.0,0.0,0.0,0.0,0.0,3.0,full_model_scoring,logistic_regression,897.75,99.75,923.4,0.3587,84.26,1011.12,758.3,17.61,7.61,91.32
CUST0001828,2665-NPTGL,active_retention,0,0.8583264259260522,1,high risk,P1 high,established_value,98.1,2550.6,84.2,customer support escalation,service recovery follow-up,"Support friction is visible through open, critical, complaint, or low satisfaction signals.",valuable customer,0.3,0.0,27.79,27.79,333.48,26,25_48_months,month_to_month,bank_transfer_automatic,0.55,10.0,active_0_30_days,0.4496,0.5207,1.0,0.0,1.0,0.0,0.0,0.2131,3.0,full_model_scoring,logistic_regression,2510.7,96.5653846153846,2550.6,0.5207,84.2,1010.4,2189.25,27.79,27.79,333.48
CUST0000698,1028-FFNJK,active_retention,0,0.8274406888760253,1,high risk,P1 high,established_value,101.5,3045.0,83.99,customer support escalation,service recovery follow-up,"Support friction is visible through open, critical, complaint, or low satisfaction signals.","low engagement, support friction, payment risk, valuable customer",0.3,0.0,27.72,27.72,332.64,30,25_48_months,month_to_month,electronic_check,1.0,97.0,inactive_90_plus_days,0.3953,0.425,1.0,0.0,0.0,1.0,1.0,0.1824,1.0,full_model_scoring,logistic_regression,2917.65,97.255,3045.0,0.425,83.99,1007.88,2519.56,27.72,27.72,332.64
CUST0002413,3452-GWUIN,active_retention,0,0.8841700503934579,1,high risk,P1 high,established_value,94.95,1804.05,83.95,discount offer,payment method review,High churn probability combines with payment risk and price pressure.,"low engagement, payment risk, valuable customer",0.24,14.2425,22.16,7.92,95.04,19,13_24_months,month_to_month,electronic_check,1.0,144.0,inactive_90_plus_days,0.3707,0.4379,0.0,0.0,0.0,0.0,0.0,0.0,3.0,full_model_scoring,logistic_regression,1760.25,92.64473684210526,1804.05,0.4379,83.95,1007.4,1595.09,22.16,7.92,95.04
CUST0004862,6851-WEFYX,active_retention,0,0.8317094848208281,1,high risk,P1 high,established_value,100.8,3528.0,83.84,customer support escalation,service recovery follow-up,"Support friction is visible through open, critical, complaint, or low satisfaction signals.","low engagement, support friction, payment risk, valuable customer",0.3,0.0,27.67,27.67,332.04,35,25_48_months,month_to_month,electronic_check,1.0,350.0,inactive_90_plus_days,0.2374,0.4063,1.0,0.0,0.0,0.0,1.0,0.0463,4.0,full_model_scoring,logistic_regression,3437.5,98.21428571428572,3528.0,0.4063,83.84,1006.08,2934.27,27.67,27.67,332.04
CUST0005132,7225-CBZPL,active_retention,0,0.8840062217936691,1,high risk,P1 high,established_value,94.8,1611.6,83.8,customer support escalation,service recovery follow-up,"Support friction is visible through open, critical, complaint, or low satisfaction signals.","low engagement, support friction, payment risk, valuable customer",0.3,0.0,27.65,27.65,331.8,17,13_24_months,month_to_month,electronic_check,1.0,363.0,inactive_90_plus_days,0.2325,0.316,1.0,1.0,0.0,0.0,1.0,0.2498,3.0,full_model_scoring,logistic_regression,1563.9,91.99411764705884,1611.6,0.316,83.8,1005.6,1424.66,27.65,27.65,331.8
CUST0001125,1641-RQDAY,active_retention,0,0.8340348520780675,1,high risk,P1 high,established_value,100.4,3212.8,83.74,customer support escalation,service recovery follow-up,"Support friction is visible through open, critical, complaint, or low satisfaction signals.","support friction, payment risk, valuable customer",0.3,0.0,27.63,27.63,331.56,32,25_48_months,month_to_month,electronic_check,1.0,57.0,active_31_90_days,0.418,0.4214,1.0,1.0,0.0,0.0,1.0,0.2498,3.0,full_model_scoring,logistic_regression,3217.65,100.5515625,3212.8,0.4214,83.74,1004.88,2679.59,27.63,27.63,331.56
CUST0000092,0147-ESWWR,active_retention,0,0.8260479477031462,1,high risk,P0 critical,high_value,101.25,3948.75,83.64,customer support escalation,service recovery follow-up,"Support friction is visible through open, critical, complaint, or low satisfaction signals.","support friction, payment risk, valuable customer",0.3,0.0,32.62,32.62,391.44,39,25_48_months,month_to_month,electronic_check,1.0,1.0,active_0_30_days,0.486,0.4632,1.0,1.0,0.0,0.0,1.0,0.2498,3.0,full_model_scoring,logistic_regression,3949.15,101.26025641025642,3948.75,0.4632,83.64,1003.68,3261.86,32.62,32.62,391.44
CUST0002846,4060-LDNLU,active_retention,0,0.8617937872038003,1,high risk,P1 high,emerging_value,96.2,673.4,82.9,customer support escalation,service recovery follow-up,"Support friction is visible through open, critical, complaint, or low satisfaction signals.","support friction, payment risk, early tenure",0.3,0.0,23.63,23.63,283.56,7,7_12_months,month_to_month,electronic_check,0.8,22.0,active_0_30_days,0.4414,0.4187,1.0,1.0,0.0,0.0,0.0,0.2498,3.0,holdout_prediction_output,logistic_regression,639.7,91.38571428571429,673.4,0.4187,82.9,994.8,580.33,23.63,23.63,283.56
CUST0000625,0916-QOFDP,active_retention,0,0.861659717576809,1,high risk,P1 high,emerging_value,95.8,1341.2,82.55,discount offer,payment method review,High churn probability combines with payment risk and price pressure.,payment risk,0.24,14.37,18.82,4.45,53.4,14,13_24_months,month_to_month,electronic_check,1.0,6.0,active_0_30_days,0.4552,0.4612,0.0,0.0,0.0,0.0,0.0,0.0,3.0,full_model_scoring,logistic_regression,1346.3,96.16428571428573,1341.2,0.4612,82.55,990.6,1155.66,18.82,4.45,53.4
CUST0004335,6116-RFVHN,active_retention,0,0.8198897238341715,1,high risk,P1 high,established_value,100.45,3415.3,82.36,customer support escalation,service recovery follow-up,"Support friction is visible through open, critical, complaint, or low satisfaction signals.","support friction, payment risk, valuable customer",0.3,0.0,27.18,27.18,326.16,34,25_48_months,month_to_month,electronic_check,1.0,42.0,active_31_90_days,0.428,0.415,2.0,2.0,0.0,0.0,1.0,0.3081,3.0,holdout_prediction_output,logistic_regression,3414.65,100.43088235294118,3415.3,0.415,82.36,988.32,2800.17,27.18,27.18,326.16
CUST0001319,1960-UYCNN,active_retention,0,0.8643888982051218,1,high risk,P1 high,emerging_value,95.25,952.5,82.33,customer support escalation,service recovery follow-up,"Support friction is visible through open, critical, complaint, or low satisfaction signals.","low engagement, support friction, payment risk, early tenure",0.3,0.0,23.46,23.46,281.52,10,7_12_months,month_to_month,electronic_check,1.0,584.0,inactive_90_plus_days,0.0953,0.2465,1.0,1.0,0.0,0.0,1.0,0.2498,3.0,full_model_scoring,logistic_regression,1021.55,102.155,952.5,0.2465,82.33,987.96,823.33,23.46,23.46,281.52
CUST0003422,4847-TAJYI,active_retention,0,0.9202112267010985,1,high risk,P1 high,emerging_value,89.35,536.0999999999999,82.22,customer support escalation,service recovery follow-up,"Support friction is visible through open, critical, complaint, or low satisfaction signals.","low engagement, support friction, payment risk, early tenure",0.3,0.0,23.43,23.43,281.16,6,0_6_months,month_to_month,electronic_check,1.0,462.0,inactive_90_plus_days,0.1704,0.3156,1.0,0.0,0.0,0.0,1.0,0.0601,3.0,full_model_scoring,logistic_regression,567.8,94.63333333333333,536.0999999999999,0.3156,82.22,986.64,493.33,23.43,23.43,281.16
CUST0000306,0447-RXSGD,active_retention,0,0.8238437587796348,1,high risk,P1 high,established_value,99.65,2391.6000000000004,82.1,customer support escalation,service recovery follow-up,"Support friction is visible through open, critical, complaint, or low satisfaction signals.","low engagement, support friction, valuable customer",0.3,0.0,27.09,27.09,325.08,24,13_24_months,month_to_month,bank_transfer_automatic,0.55,334.0,inactive_90_plus_days,0.2492,0.4797,1.0,0.0,0.0,0.0,1.0,0.0398,5.0,full_model_scoring,logistic_regression,2404.85,100.20208333333332,2391.6000000000004,0.4797,82.1,985.2,1970.3,27.09,27.09,325.08
CUST0003101,4445-ZJNMU,active_retention,0,0.8255874725156301,1,high risk,P1 high,emerging_value,99.3,893.6999999999999,81.98,customer support escalation,service recovery follow-up,"Support friction is visible through open, critical, complaint, or low satisfaction signals.","low engagement, support friction, early tenure",0.3,0.0,23.36,23.36,280.32,9,7_12_months,month_to_month,credit_card_automatic,0.55,143.0,inactive_90_plus_days,0.3671,0.475,2.0,0.0,0.0,0.0,0.5,0.1222,4.0,full_model_scoring,logistic_regression,918.75,102.08333333333331,893.6999999999999,0.475,81.98,983.76,737.83,23.36,23.36,280.32
CUST0007028,9971-ZWPBF,active_retention,0,0.7516238798983753,1,high risk,P1 high,established_value,108.9,3702.6,81.85,discount offer,payment method review,High churn probability combines with payment risk and price pressure.,"low engagement, payment risk, valuable customer",0.24,16.335,21.61,5.27,63.24,34,25_48_months,month_to_month,electronic_check,1.0,210.0,inactive_90_plus_days,0.3226,0.4376,1.0,0.0,0.0,0.0,0.0,0.0492,5.0,full_model_scoring,logistic_regression,3625.2,106.62352941176472,3702.6,0.4376,81.85,982.2,2782.96,21.61,5.27,63.24
CUST0002536,3629-ZNKXA,active_retention,0,0.803870108532617,1,high risk,P1 high,established_value,101.8,1730.6,81.83,customer support escalation,service recovery follow-up,"Support friction is visible through open, critical, complaint, or low satisfaction signals.","support friction, payment risk, valuable customer",0.3,0.0,27.0,27.0,324.0,17,13_24_months,month_to_month,electronic_check,1.0,19.0,active_0_30_days,0.4385,0.3838,2.0,2.0,0.0,0.0,0.5,0.3081,3.0,full_model_scoring,logistic_regression,1752.45,103.08529411764708,1730.6,0.3838,81.83,981.96,1391.18,27.0,27.0,324.0
CUST0004410,6215-NQCPY,active_retention,0,0.819010266784664,1,high risk,P1 high,established_value,99.7,1495.5,81.66,customer support escalation,service recovery follow-up,"Support friction is visible through open, critical, complaint, or low satisfaction signals.","low engagement, support friction, payment risk, valuable customer",0.3,0.0,26.95,26.95,323.4,15,13_24_months,month_to_month,electronic_check,1.0,113.0,inactive_90_plus_days,0.3906,0.3749,1.0,0.0,1.0,0.0,1.0,0.2505,5.0,full_model_scoring,logistic_regression,1566.75,104.45,1495.5,0.3749,81.66,979.92,1224.83,26.95,26.95,323.4
CUST0002888,4115-NZRKS,active_retention,0,0.9154375471482316,1,high risk,P1 high,emerging_value,89.15,624.0500000000001,81.61,customer support escalation,service recovery follow-up,"Support friction is visible through open, critical, complaint, or low satisfaction signals.","low engagement, support friction, payment risk, early tenure",0.3,0.0,23.26,23.26,279.12,7,7_12_months,month_to_month,electronic_check,1.0,400.0,inactive_90_plus_days,0.2068,0.2849,1.0,1.0,0.0,0.0,1.0,0.2498,3.0,full_model_scoring,logistic_regression,574.35,82.05,624.0500000000001,0.2849,81.61,979.32,571.28,23.26,23.26,279.12
CUST0001674,2439-LYPMQ,active_retention,0,0.7951691512084516,1,high risk,P0 critical,high_value,102.6,3898.8,81.58,discount offer,payment method review,High churn probability combines with payment risk and price pressure.,"payment risk, valuable customer",0.24,15.39,25.45,10.06,120.72,38,25_48_months,month_to_month,electronic_check,1.0,46.0,active_31_90_days,0.4273,0.4928,1.0,0.0,0.0,0.0,0.0,0.0293,3.0,full_model_scoring,logistic_regression,4009.2,105.50526315789472,3898.8,0.4928,81.58,978.96,3100.21,25.45,10.06,120.72
CUST0005451,7668-XCFYV,active_retention,0,0.881142752497033,1,high risk,P1 high,established_value,92.55,1573.35,81.55,discount offer,payment method review,High churn probability combines with payment risk and price pressure.,"payment risk, valuable customer",0.24,13.8825,21.53,7.65,91.8,17,13_24_months,month_to_month,electronic_check,1.0,39.0,active_31_90_days,0.4308,0.4577,0.0,0.0,0.0,0.0,0.0,0.0,3.0,full_model_scoring,logistic_regression,1614.7,94.98235294117649,1573.35,0.4577,81.55,978.6,1386.35,21.53,7.65,91.8
CUST0000023,0027-KWYKW,active_retention,0,0.9731549108781136,1,high risk,P1 high,established_value,83.75,1926.25,81.5,customer support escalation,service recovery follow-up,"Support friction is visible through open, critical, complaint, or low satisfaction signals.","low engagement, support friction, payment risk, valuable customer",0.3,0.0,26.9,26.9,322.8,23,13_24_months,month_to_month,electronic_check,1.0,627.0,inactive_90_plus_days,0.068,0.2627,1.0,1.0,0.0,0.0,0.0,0.2498,3.0,holdout_prediction_output,logistic_regression,1849.95,80.43260869565218,1926.25,0.2627,81.5,978.0,1874.54,26.9,26.9,322.8
CUST0006449,9129-UXERG,active_retention,0,0.7861778763298203,1,high risk,P1 high,established_value,103.6,1864.8,81.45,customer support escalation,service recovery follow-up,"Support friction is visible through open, critical, complaint, or low satisfaction signals.","low engagement, support friction, valuable customer",0.3,0.0,26.88,26.88,322.56,18,13_24_months,month_to_month,credit_card_automatic,0.55,0.0,no_activity,0.0,0.311,1.0,0.0,1.0,0.0,1.0,0.2661,5.0,holdout_prediction_output,logistic_regression,1806.35,100.35277777777776,1864.8,0.311,81.45,977.4,1466.06,26.88,26.88,322.56
CUST0002420,3462-BJQQA,active_retention,0,0.9074580114489004,1,high risk,P1 high,emerging_value,89.75,538.5,81.44,customer support escalation,service recovery follow-up,"Support friction is visible through open, critical, complaint, or low satisfaction signals.","support friction, payment risk, early tenure",0.3,0.0,23.21,23.21,278.52,6,0_6_months,month_to_month,electronic_check,1.0,28.0,active_0_30_days,0.4344,0.3738,1.0,1.0,0.0,0.0,1.0,0.2498,3.0,full_model_scoring,logistic_regression,552.65,92.10833333333332,538.5,0.3738,81.44,977.28,488.67,23.21,23.21,278.52
CUST0006535,9278-VZKCD,active_retention,0,0.7464887592251411,1,high risk,P0 critical,high_value,109.1,5673.2,81.44,customer support escalation,service recovery follow-up,"Support friction is visible through open, critical, complaint, or low satisfaction signals.","low engagement, support friction, payment risk, valuable customer",0.3,0.0,31.76,31.76,381.12,52,49_plus_months,month_to_month,electronic_check,1.0,0.0,no_activity,0.0,0.2813,2.0,2.0,0.0,0.0,1.0,0.3081,3.0,full_model_scoring,logistic_regression,5647.95,108.61442307692307,5673.2,0.2813,81.44,977.28,4234.98,31.76,31.76,381.12
CUST0003425,4853-OITSN,active_retention,0,0.911327480581315,1,high risk,P1 high,emerging_value,89.15,445.75,81.24,customer support escalation,service recovery follow-up,"Support friction is visible through open, critical, complaint, or low satisfaction signals.","low engagement, support friction, payment risk, early tenure",0.3,0.0,23.15,23.15,277.8,5,0_6_months,month_to_month,electronic_check,1.0,612.0,inactive_90_plus_days,0.0769,0.2344,2.0,1.0,0.0,0.0,1.0,0.2271,5.0,holdout_prediction_output,logistic_regression,413.25,82.65,445.75,0.2344,81.24,974.88,406.22,23.15,23.15,277.8
CUST0006989,9919-KNPOO,active_retention,0,0.8607419822052118,1,high risk,P1 high,established_value,94.3,1980.3,81.17,customer support escalation,service recovery follow-up,"Support friction is visible through open, critical, complaint, or low satisfaction signals.","low engagement, support friction, payment risk, valuable customer",0.3,0.0,26.79,26.79,321.48,21,13_24_months,month_to_month,electronic_check,1.0,480.0,inactive_90_plus_days,0.1579,0.2799,2.0,2.0,0.0,0.0,0.5,0.3081,3.0,full_model_scoring,logistic_regression,1948.35,92.77857142857142,1980.3,0.2799,81.17,974.04,1704.53,26.79,26.79,321.48
CUST0004767,6710-HSJRD,active_retention,0,0.7105700994301986,1,high risk,P0 critical,high_value,114.1,6960.099999999999,81.08,discount offer,payment method review,High churn probability combines with payment risk and price pressure.,"low engagement, payment risk, valuable customer",0.24,17.115,25.3,8.19,98.28,61,49_plus_months,month_to_month,electronic_check,1.0,502.0,inactive_90_plus_days,0.144,0.4347,0.0,0.0,0.0,0.0,0.0,0.0,3.0,full_model_scoring,logistic_regression,7132.15,115.02070422535212,6960.099999999999,0.4347,81.08,972.96,4945.64,25.3,8.19,98.28
CUST0001136,1666-JXLKU,active_retention,0,0.8100029120045312,1,high risk,P1 high,established_value,100.05,3701.85,81.04,discount offer,payment method review,High churn probability combines with payment risk and price pressure.,"payment risk, valuable customer",0.24,15.0075,21.39,6.38,76.56,37,25_48_months,month_to_month,electronic_check,1.0,45.0,active_31_90_days,0.4349,0.501,0.0,0.0,0.0,0.0,0.0,0.0,3.0,full_model_scoring,logistic_regression,3810.55,102.98783783783784,3701.85,0.501,81.04,972.48,2998.51,21.39,6.38,76.56
CUST0003946,5553-AOINX,active_retention,0,0.7725815465775921,1,high risk,P0 critical,high_value,104.9,6923.400000000001,81.04,customer support escalation,service recovery follow-up,"Support friction is visible through open, critical, complaint, or low satisfaction signals.","low engagement, support friction, payment risk, valuable customer",0.3,0.0,31.61,31.61,379.32,66,49_plus_months,one_year,electronic_check,0.65,216.0,inactive_90_plus_days,0.319,0.5227,1.0,1.0,0.0,0.0,1.0,0.2498,3.0,full_model_scoring,logistic_regression,6891.45,104.41590909090908,6923.400000000001,0.5227,81.04,972.48,5348.89,31.61,31.61,379.32
CUST0004952,6969-MVBAI,active_retention,0,0.8978181704054164,1,high risk,P1 high,emerging_value,90.1,810.9,80.89,discount offer,payment method review,High churn probability combines with payment risk and price pressure.,"payment risk, early tenure",0.24,13.515,18.44,4.93,59.16,9,7_12_months,month_to_month,electronic_check,1.0,16.0,active_0_30_days,0.4442,0.4464,0.0,0.0,0.0,0.0,0.0,0.0,3.0,full_model_scoring,logistic_regression,816.8,90.75555555555556,810.9,0.4464,80.89,970.68,728.04,18.44,4.93,59.16
CUST0003468,4912-PIGUY,active_retention,0,0.9555237931604104,1,high risk,P1 high,low_value,84.6,84.6,80.84,customer support escalation,service recovery follow-up,"Support friction is visible through open, critical, complaint, or low satisfaction signals.","low engagement, support friction, payment risk, early tenure",0.3,0.0,19.4,19.4,232.8,1,0_6_months,month_to_month,electronic_check,1.0,207.0,inactive_90_plus_days,0.3263,0.2806,2.0,2.0,1.0,0.0,0.0,0.4081,3.0,full_model_scoring,logistic_regression,84.6,84.6,84.6,0.2806,80.84,970.08,80.84,19.4,19.4,232.8
CUST0001935,2809-ZMYOQ,active_retention,0,0.7976395843264155,1,high risk,P1 high,established_value,101.35,3243.2,80.84,customer support escalation,service recovery follow-up,"Support friction is visible through open, critical, complaint, or low satisfaction signals.","low engagement, support friction, payment risk, valuable customer",0.3,0.0,26.68,26.68,320.16,32,25_48_months,month_to_month,electronic_check,1.0,196.0,inactive_90_plus_days,0.3312,0.3399,2.0,1.0,2.0,1.0,1.0,0.4368,2.0,full_model_scoring,logistic_regression,3334.9,104.215625,3243.2,0.3399,80.84,970.08,2586.9,26.68,26.68,320.16
CUST0002162,3096-GKWEB,active_retention,0,0.8526542501380281,1,high risk,P1 high,established_value,94.75,1705.5,80.79,customer support escalation,service recovery follow-up,"Support friction is visible through open, critical, complaint, or low satisfaction signals.","support friction, payment risk, valuable customer",0.3,0.0,26.66,26.66,319.92,18,13_24_months,month_to_month,electronic_check,1.0,23.0,active_0_30_days,0.446,0.3534,1.0,1.0,1.0,0.0,1.0,0.4498,3.0,full_model_scoring,logistic_regression,1691.9,93.99444444444444,1705.5,0.3534,80.79,969.48,1454.2,26.66,26.66,319.92
CUST0006545,9290-SHCMB,active_retention,0,0.833575643539771,1,high risk,P1 high,emerging_value,96.85,1259.05,80.73,discount offer,payment method review,High churn probability combines with payment risk and price pressure.,"low engagement, payment risk",0.24,14.527499999999998,18.41,3.88,46.56,13,13_24_months,month_to_month,electronic_check,1.0,295.0,inactive_90_plus_days,0.2706,0.3853,0.0,0.0,0.0,0.0,0.0,0.0,3.0,full_model_scoring,logistic_regression,1235.55,95.04230769230767,1259.05,0.3853,80.73,968.76,1049.51,18.41,3.88,46.56
CUST0002079,2985-FMWYF,active_retention,0,0.863192882933014,1,high risk,P1 high,established_value,93.5,2150.5,80.71,customer support escalation,service recovery follow-up,"Support friction is visible through open, critical, complaint, or low satisfaction signals.","support friction, payment risk, valuable customer",0.3,0.0,26.63,26.63,319.56,23,13_24_months,month_to_month,electronic_check,1.0,17.0,active_0_30_days,0.4397,0.4113,1.0,1.0,0.0,0.0,1.0,0.2498,3.0,full_model_scoring,logistic_regression,2341.55,101.80652173913045,2150.5,0.4113,80.71,968.52,1856.3,26.63,26.63,319.56
CUST0001117,1628-BIZYP,active_retention,0,0.9478249379072984,1,high risk,P1 high,low_value,85.0,85.0,80.57,customer support escalation,service recovery follow-up,"Support friction is visible through open, critical, complaint, or low satisfaction signals.","low engagement, support friction, payment risk, early tenure",0.3,0.0,19.34,19.34,232.08,1,0_6_months,month_to_month,electronic_check,1.0,182.0,inactive_90_plus_days,0.3435,0.3253,1.0,0.0,1.0,0.0,1.0,0.2567,4.0,full_model_scoring,logistic_regression,85.0,85.0,85.0,0.3253,80.57,966.84,80.57,19.34,19.34,232.08
CUST0001747,2545-EBUPK,active_retention,0,0.9572794539597772,1,high risk,P1 high,low_value,84.05,168.1,80.46,discount offer,payment method review,High churn probability combines with payment risk and price pressure.,"payment risk, early tenure",0.24,12.6075,15.45,2.84,34.08,2,0_6_months,month_to_month,electronic_check,1.0,7.0,active_0_30_days,0.4668,0.4409,0.0,0.0,0.0,0.0,0.0,0.0,3.0,full_model_scoring,logistic_regression,186.05,93.025,168.1,0.4409,80.46,965.52,160.92,15.45,2.84,34.08
CUST0002438,3489-HHPFY,active_retention,0,0.957055079734938,1,high risk,P1 high,low_value,84.05,168.1,80.44,customer support escalation,service recovery follow-up,"Support friction is visible through open, critical, complaint, or low satisfaction signals.","low engagement, support friction, payment risk, early tenure",0.3,0.0,19.31,19.31,231.72,2,0_6_months,month_to_month,electronic_check,1.0,598.0,inactive_90_plus_days,0.0868,0.1864,3.0,1.0,2.0,1.0,0.6666666666666666,0.41,3.0,full_model_scoring,logistic_regression,134.05,67.025,168.1,0.1864,80.44,965.28,160.88,19.31,19.31,231.72
CUST0003282,4686-UXDML,active_retention,0,0.8027380473663234,1,high risk,P1 high,established_value,99.85,2096.85,80.15,customer support escalation,service recovery follow-up,"Support friction is visible through open, critical, complaint, or low satisfaction signals.","low engagement, support friction, valuable customer",0.3,0.0,26.45,26.45,317.4,21,13_24_months,month_to_month,credit_card_automatic,0.55,330.0,inactive_90_plus_days,0.2517,0.4132,2.0,0.0,1.0,1.0,1.0,0.285,3.5,full_model_scoring,logistic_regression,1992.55,94.88333333333333,2096.85,0.4132,80.15,961.8,1683.22,26.45,26.45,317.4
CUST0005504,7748-UMTRK,active_retention,0,0.7911392366053703,1,high risk,P1 high,established_value,101.3,3039.0,80.14,customer support escalation,service recovery follow-up,"Support friction is visible through open, critical, complaint, or low satisfaction signals.","low engagement, support friction, payment risk, valuable customer",0.3,0.0,26.45,26.45,317.4,30,25_48_months,month_to_month,electronic_check,1.0,217.0,inactive_90_plus_days,0.3244,0.3692,3.0,2.0,0.0,0.0,0.6666666666666666,0.2923,3.0,full_model_scoring,logistic_regression,2974.5,99.15,3039.0,0.3692,80.14,961.68,2404.27,26.45,26.45,317.4
CUST0002333,3338-CVVEH,active_retention,0,0.8450638428285318,1,high risk,P1 high,emerging_value,94.55,1134.6,79.9,discount offer,payment method review,High churn probability combines with payment risk and price pressure.,"low engagement, payment risk, early tenure",0.24,14.1825,18.22,4.04,48.48,12,7_12_months,month_to_month,electronic_check,0.8,548.0,inactive_90_plus_days,0.1193,0.3627,0.0,0.0,0.0,0.0,0.0,0.0,3.0,full_model_scoring,logistic_regression,1173.55,97.79583333333332,1134.6,0.3627,79.9,958.8,958.81,18.22,4.04,48.48
CUST0006224,8800-ZKRFW,active_retention,0,0.7431403532864791,1,high risk,P1 high,established_value,107.5,3225.0,79.89,customer support escalation,service recovery follow-up,"Support friction is visible through open, critical, complaint, or low satisfaction signals.","low engagement, support friction, payment risk, valuable customer",0.3,0.0,26.36,26.36,316.32,30,25_48_months,month_to_month,electronic_check,1.0,423.0,inactive_90_plus_days,0.1928,0.3272,1.0,1.0,0.0,0.0,0.0,0.2498,3.0,full_model_scoring,logistic_regression,3242.5,108.08333333333331,3225.0,0.3272,79.89,958.68,2396.63,26.36,26.36,316.32
CUST0003831,5382-SOYZL,active_retention,0,0.838434741394755,1,high risk,P1 high,established_value,95.1,2092.2,79.74,discount offer,payment method review,High churn probability combines with payment risk and price pressure.,"payment risk, valuable customer",0.24,14.265,21.05,6.79,81.48,22,13_24_months,month_to_month,electronic_check,1.0,38.0,active_31_90_days,0.4323,0.4688,0.0,0.0,0.0,0.0,0.0,0.0,3.0,holdout_prediction_output,logistic_regression,2162.6,98.3,2092.2,0.4688,79.74,956.88,1754.17,21.05,6.79,81.48
CUST0005750,8087-LGYHQ,active_retention,0,0.8460831604675327,1,high risk,P1 high,emerging_value,94.05,846.4499999999999,79.57,customer support escalation,service recovery follow-up,"Support friction is visible through open, critical, complaint, or low satisfaction signals.","low engagement, support friction, payment risk, early tenure",0.3,0.0,22.68,22.68,272.16,9,7_12_months,month_to_month,electronic_check,1.0,244.0,inactive_90_plus_days,0.3061,0.2857,2.0,1.0,2.0,0.0,1.0,0.4218,3.0,full_model_scoring,logistic_regression,811.65,90.18333333333334,846.4499999999999,0.2857,79.57,954.84,716.17,22.68,22.68,272.16
CUST0006618,9402-ORRAH,active_retention,0,0.8691378526724067,1,high risk,P1 high,emerging_value,91.5,1372.5,79.53,discount offer,payment method review,High churn probability combines with payment risk and price pressure.,"low engagement, payment risk",0.24,13.725,18.13,4.4,52.8,15,13_24_months,month_to_month,electronic_check,1.0,661.0,inactive_90_plus_days,0.047,0.3,0.0,0.0,0.0,0.0,0.0,0.0,3.0,full_model_scoring,logistic_regression,1400.3,93.35333333333332,1372.5,0.3,79.53,954.36,1192.89,18.13,4.4,52.8
CUST0005612,7901-TBKJX,active_retention,0,0.786784448732347,1,high risk,P0 critical,high_value,101.05,5658.8,79.5,customer support escalation,service recovery follow-up,"Support friction is visible through open, critical, complaint, or low satisfaction signals.","support friction, payment risk, valuable customer",0.3,0.0,31.0,31.0,372.0,56,49_plus_months,month_to_month,electronic_check,1.0,65.0,active_31_90_days,0.4111,0.4687,1.0,1.0,0.0,0.0,1.0,0.2498,3.0,full_model_scoring,logistic_regression,5594.0,99.89285714285714,5658.8,0.4687,79.5,954.0,4452.26,31.0,31.0,372.0
CUST0002512,3588-WSTTJ,active_retention,0,0.8024963224990251,1,high risk,P1 high,established_value,99.05,3466.75,79.49,discount offer,payment method review,High churn probability combines with payment risk and price pressure.,"payment risk, valuable customer",0.24,14.857499999999998,20.99,6.13,73.56,35,25_48_months,month_to_month,electronic_check,1.0,59.0,active_31_90_days,0.4215,0.4915,0.0,0.0,0.0,0.0,0.0,0.0,3.0,full_model_scoring,logistic_regression,3554.6,101.56,3466.75,0.4915,79.49,953.88,2782.05,20.99,6.13,73.56
CUST0003658,5168-MSWXT,active_retention,0,0.8385798009162854,1,high risk,P1 high,emerging_value,94.75,758.0,79.46,discount offer,payment method review,High churn probability combines with payment risk and price pressure.,"payment risk, early tenure",0.24,14.2125,18.12,3.91,46.92,8,7_12_months,month_to_month,electronic_check,1.0,29.0,active_0_30_days,0.4431,0.4439,0.0,0.0,0.0,0.0,0.0,0.0,3.0,full_model_scoring,logistic_regression,759.55,94.94375,758.0,0.4439,79.46,953.52,635.64,18.12,3.91,46.92
CUST0000295,0432-CAJZV,active_retention,0,0.8712599346146471,1,high risk,P1 high,low_value,90.7,272.1,79.02,customer support escalation,service recovery follow-up,"Support friction is visible through open, critical, complaint, or low satisfaction signals.","support friction, early tenure",0.3,0.0,18.96,18.96,227.52,3,0_6_months,month_to_month,mailed_check,0.35,23.0,active_0_30_days,0.4392,0.5515,1.0,0.0,0.0,0.0,1.0,0.0419,5.0,full_model_scoring,logistic_regression,237.65,79.21666666666667,272.1,0.5515,79.02,948.24,237.07,18.96,18.96,227.52
CUST0001630,2371-JQHZZ,active_retention,0,0.8487753237117633,1,high risk,P1 high,established_value,93.0,2232.0,78.94,customer support escalation,service recovery follow-up,"Support friction is visible through open, critical, complaint, or low satisfaction signals.","support friction, payment risk, valuable customer",0.3,0.0,26.05,26.05,312.6,24,13_24_months,month_to_month,electronic_check,1.0,30.0,active_0_30_days,0.4456,0.4158,1.0,1.0,0.0,0.0,1.0,0.2498,3.0,full_model_scoring,logistic_regression,2248.05,93.66875,2232.0,0.4158,78.94,947.28,1894.47,26.05,26.05,312.6
CUST0005243,7392-YYPYJ,active_retention,0,0.7842087325386611,1,high risk,P1 high,established_value,100.65,2214.3,78.93,customer support escalation,service recovery follow-up,"Support friction is visible through open, critical, complaint, or low satisfaction signals.","low engagement, support friction, payment risk, valuable customer",0.3,0.0,26.05,26.05,312.6,22,13_24_months,month_to_month,electronic_check,1.0,99.0,inactive_90_plus_days,0.3982,0.3176,4.0,3.0,3.0,1.0,1.0,0.5502,1.0,full_model_scoring,logistic_regression,2415.95,109.81590909090907,2214.3,0.3176,78.93,947.16,1736.47,26.05,26.05,312.6
CUST0006174,8739-XNIKG,active_retention,0,0.93910359002289,1,high risk,P1 high,emerging_value,84.0,420.0,78.88,customer support escalation,service recovery follow-up,"Support friction is visible through open, critical, complaint, or low satisfaction signals.","low engagement, support friction, payment risk, early tenure",0.3,0.0,22.48,22.48,269.76,5,0_6_months,month_to_month,electronic_check,1.0,643.0,inactive_90_plus_days,0.058,0.2327,2.0,1.0,0.0,0.0,1.0,0.2035,5.0,holdout_prediction_output,logistic_regression,424.75,84.95,420.0,0.2327,78.88,946.56,394.42,22.48,22.48,269.76
CUST0003593,5091-HFAZW,active_retention,0,0.8646511466778827,1,high risk,P1 high,low_value,91.15,182.3,78.81,customer support escalation,service recovery follow-up,"Support friction is visible through open, critical, complaint, or low satisfaction signals.","low engagement, support friction, payment risk, early tenure",0.3,0.0,18.91,18.91,226.92,2,0_6_months,month_to_month,electronic_check,1.0,111.0,inactive_90_plus_days,0.3888,0.3472,1.0,1.0,0.0,0.0,1.0,0.2498,3.0,full_model_scoring,logistic_regression,168.5,84.25,182.3,0.3472,78.81,945.72,157.63,18.91,18.91,226.92
CUST0006083,8622-ZLFKO,active_retention,0,0.8672994885947767,1,high risk,P1 high,emerging_value,90.75,544.5,78.71,customer support escalation,service recovery follow-up,"Support friction is visible through open, critical, complaint, or low satisfaction signals.","low engagement, support friction, payment risk, early tenure",0.3,0.0,22.43,22.43,269.16,6,0_6_months,month_to_month,electronic_check,1.0,205.0,inactive_90_plus_days,0.3257,0.2803,1.0,1.0,1.0,0.0,1.0,0.4498,3.0,holdout_prediction_output,logistic_regression,512.25,85.375,544.5,0.2803,78.71,944.52,472.24,22.43,22.43,269.16
CUST0004205,5937-EORGB,active_retention,0,0.8154775344222536,1,high risk,P1 high,established_value,96.5,1447.5,78.69,discount offer,payment method review,High churn probability combines with payment risk and price pressure.,"low engagement, payment risk, valuable customer",0.24,14.475,20.77,6.3,75.6,15,13_24_months,month_to_month,electronic_check,1.0,108.0,inactive_90_plus_days,0.4077,0.4443,0.0,0.0,0.0,0.0,0.0,0.0,3.0,full_model_scoring,logistic_regression,1392.25,92.81666666666666,1447.5,0.4443,78.69,944.28,1180.4,20.77,6.3,75.6
CUST0000053,0093-EXYQL,active_retention,0,0.8588849607206172,1,high risk,P1 high,established_value,91.55,3662.0,78.63,discount offer,payment method review,High churn probability combines with payment risk and price pressure.,"payment risk, valuable customer",0.24,13.7325,20.76,7.03,84.36,40,25_48_months,month_to_month,electronic_check,1.0,45.0,active_31_90_days,0.4231,0.5026,0.0,0.0,0.0,0.0,0.0,0.0,3.0,full_model_scoring,logistic_regression,3673.6,91.84,3662.0,0.5026,78.63,943.56,3145.24,20.76,7.03,84.36
CUST0006148,8709-KRDVL,active_retention,0,0.7853549205407857,1,high risk,P1 high,established_value,100.0,3300.0,78.54,customer support escalation,service recovery follow-up,"Support friction is visible through open, critical, complaint, or low satisfaction signals.","low engagement, support friction, payment risk, valuable customer",0.3,0.0,25.92,25.92,311.04,33,25_48_months,month_to_month,electronic_check,1.0,660.0,inactive_90_plus_days,0.0486,0.2362,2.0,2.0,1.0,0.0,1.0,0.4081,3.0,holdout_prediction_output,logistic_regression,3320.6,100.62424242424242,3300.0,0.2362,78.54,942.48,2591.67,25.92,25.92,311.04
CUST0006450,9133-AYJZG,active_retention,0,0.7952296109844833,1,high risk,P1 high,established_value,98.7,2270.1,78.49,customer support escalation,service recovery follow-up,"Support friction is visible through open, critical, complaint, or low satisfaction signals.","support friction, valuable customer",0.3,0.0,25.9,25.9,310.8,23,13_24_months,month_to_month,credit_card_automatic,0.55,74.0,active_31_90_days,0.4063,0.488,1.0,1.0,0.0,0.0,1.0,0.2498,3.0,full_model_scoring,logistic_regression,2249.1,97.78695652173911,2270.1,0.488,78.49,941.88,1805.25,25.9,25.9,310.8
CUST0004002,5647-FXOTP,active_retention,0,0.7396796531012904,1,high risk,P0 critical,high_value,105.9,6354.0,78.33,discount offer,payment method review,High churn probability combines with payment risk and price pressure.,"payment risk, valuable customer",0.24,15.885,24.44,8.56,102.72,60,49_plus_months,month_to_month,electronic_check,1.0,10.0,active_0_30_days,0.454,0.5566,0.0,0.0,0.0,0.0,0.0,0.0,3.0,holdout_prediction_output,logistic_regression,6401.25,106.6875,6354.0,0.5566,78.33,939.96,4699.92,24.44,8.56,102.72
CUST0003311,4716-HHKQH,active_retention,0,0.731590527855206,1,high risk,P1 high,established_value,107.05,2141.0,78.32,customer support escalation,service recovery follow-up,"Support friction is visible through open, critical, complaint, or low satisfaction signals.","support friction, payment risk, valuable customer",0.3,0.0,25.85,25.85,310.2,20,13_24_months,month_to_month,electronic_check,0.8,44.0,active_31_90_days,0.4255,0.3894,1.0,1.0,1.0,0.0,0.0,0.4498,3.0,full_model_scoring,logistic_regression,2172.05,108.6025,2141.0,0.3894,78.32,939.84,1566.34,25.85,25.85,310.2
CUST0005882,8266-VBFQL,active_retention,0,0.8661383815788191,1,high risk,P1 high,low_value,90.4,361.6,78.3,customer support escalation,service recovery follow-up,"Support friction is visible through open, critical, complaint, or low satisfaction signals.","low engagement, support friction, payment risk, early tenure",0.3,0.0,18.79,18.79,225.48,4,0_6_months,month_to_month,electronic_check,1.0,211.0,inactive_90_plus_days,0.3241,0.3318,1.0,0.0,0.0,1.0,1.0,0.2246,1.0,full_model_scoring,logistic_regression,356.65,89.1625,361.6,0.3318,78.3,939.6,313.2,18.79,18.79,225.48
